cls,angle,pos,h_m,orient,long_px,short_px
backpack,nadir,all,3.0,any,619.9,484.3
backpack,obl45,far_edge,3.0,long axis across,186.5,43.9
backpack,obl45,far_edge,3.0,long axis along,56.1,145.7
backpack,obl45,centre,3.0,long axis across,438.4,242.2
backpack,obl45,centre,3.0,long axis along,310.0,342.5
backpack,obl45,near_edge,3.0,long axis across,591.2,440.5
backpack,obl45,near_edge,3.0,long axis along,563.8,461.9
backpack,nadir,all,5.0,any,372.0,290.6
backpack,obl45,far_edge,5.0,long axis across,111.9,26.3
backpack,obl45,far_edge,5.0,long axis along,33.7,87.4
backpack,obl45,centre,5.0,long axis across,263.0,145.3
backpack,obl45,centre,5.0,long axis along,186.0,205.5
backpack,obl45,near_edge,5.0,long axis across,354.7,264.3
backpack,obl45,near_edge,5.0,long axis along,338.3,277.1
backpack,nadir,all,7.5,any,248.0,193.7
backpack,obl45,far_edge,7.5,long axis across,74.6,17.5
backpack,obl45,far_edge,7.5,long axis along,22.5,58.3
backpack,obl45,centre,7.5,long axis across,175.3,96.9
backpack,obl45,centre,7.5,long axis along,124.0,137.0
backpack,obl45,near_edge,7.5,long axis across,236.5,176.2
backpack,obl45,near_edge,7.5,long axis along,225.5,184.8
backpack,nadir,all,10.0,any,186.0,145.3
backpack,obl45,far_edge,10.0,long axis across,56.0,13.2
backpack,obl45,far_edge,10.0,long axis along,16.8,43.7
backpack,obl45,centre,10.0,long axis across,131.5,72.6
backpack,obl45,centre,10.0,long axis along,93.0,102.7
backpack,obl45,near_edge,10.0,long axis across,177.4,132.1
backpack,obl45,near_edge,10.0,long axis along,169.1,138.6
backpack,nadir,all,15.0,any,124.0,96.9
backpack,obl45,far_edge,15.0,long axis across,37.3,8.8
backpack,obl45,far_edge,15.0,long axis along,11.2,29.1
backpack,obl45,centre,15.0,long axis across,87.7,48.4
backpack,obl45,centre,15.0,long axis along,62.0,68.5
backpack,obl45,near_edge,15.0,long axis across,118.2,88.1
backpack,obl45,near_edge,15.0,long axis along,112.8,92.4
water_bottle,nadir,all,3.0,any,222.8,63.0
water_bottle,obl45,far_edge,3.0,long axis across,67.0,5.7
water_bottle,obl45,far_edge,3.0,long axis along,20.2,18.9
water_bottle,obl45,centre,3.0,long axis across,157.5,31.5
water_bottle,obl45,centre,3.0,long axis along,111.4,44.5
water_bottle,obl45,near_edge,3.0,long axis across,212.5,57.3
water_bottle,obl45,near_edge,3.0,long axis along,202.6,60.0
water_bottle,nadir,all,5.0,any,133.7,37.8
water_bottle,obl45,far_edge,5.0,long axis across,40.2,3.4
water_bottle,obl45,far_edge,5.0,long axis along,12.1,11.4
water_bottle,obl45,centre,5.0,long axis across,94.5,18.9
water_bottle,obl45,centre,5.0,long axis along,66.8,26.7
water_bottle,obl45,near_edge,5.0,long axis across,127.5,34.4
water_bottle,obl45,near_edge,5.0,long axis along,121.6,36.0
water_bottle,nadir,all,7.5,any,89.1,25.2
water_bottle,obl45,far_edge,7.5,long axis across,26.8,2.3
water_bottle,obl45,far_edge,7.5,long axis along,8.1,7.6
water_bottle,obl45,centre,7.5,long axis across,63.0,12.6
water_bottle,obl45,centre,7.5,long axis along,44.6,17.8
water_bottle,obl45,near_edge,7.5,long axis across,85.0,22.9
water_bottle,obl45,near_edge,7.5,long axis along,81.0,24.0
water_bottle,nadir,all,10.0,any,66.8,18.9
water_bottle,obl45,far_edge,10.0,long axis across,20.1,1.7
water_bottle,obl45,far_edge,10.0,long axis along,6.1,5.7
water_bottle,obl45,centre,10.0,long axis across,47.3,9.4
water_bottle,obl45,centre,10.0,long axis along,33.4,13.4
water_bottle,obl45,near_edge,10.0,long axis across,63.7,17.2
water_bottle,obl45,near_edge,10.0,long axis along,60.8,18.0
water_bottle,nadir,all,15.0,any,44.6,12.6
water_bottle,obl45,far_edge,15.0,long axis across,13.4,1.1
water_bottle,obl45,far_edge,15.0,long axis along,4.0,3.8
water_bottle,obl45,centre,15.0,long axis across,31.5,6.3
water_bottle,obl45,centre,15.0,long axis along,22.3,8.9
water_bottle,obl45,near_edge,15.0,long axis across,42.5,11.5
water_bottle,obl45,near_edge,15.0,long axis along,40.5,12.0
sunglasses,nadir,all,3.0,any,140.5,82.3
sunglasses,obl45,far_edge,3.0,long axis across,42.3,7.5
sunglasses,obl45,far_edge,3.0,long axis along,12.7,24.8
sunglasses,obl45,centre,3.0,long axis across,99.3,41.2
sunglasses,obl45,centre,3.0,long axis along,70.2,58.2
sunglasses,obl45,near_edge,3.0,long axis across,133.9,74.9
sunglasses,obl45,near_edge,3.0,long axis along,127.7,78.5
sunglasses,nadir,all,5.0,any,84.3,49.4
sunglasses,obl45,far_edge,5.0,long axis across,25.4,4.5
sunglasses,obl45,far_edge,5.0,long axis along,7.6,14.9
sunglasses,obl45,centre,5.0,long axis across,59.6,24.7
sunglasses,obl45,centre,5.0,long axis along,42.1,34.9
sunglasses,obl45,near_edge,5.0,long axis across,80.4,44.9
sunglasses,obl45,near_edge,5.0,long axis along,76.6,47.1
sunglasses,nadir,all,7.5,any,56.2,32.9
sunglasses,obl45,far_edge,7.5,long axis across,16.9,3.0
sunglasses,obl45,far_edge,7.5,long axis along,5.1,9.9
sunglasses,obl45,centre,7.5,long axis across,39.7,16.5
sunglasses,obl45,centre,7.5,long axis along,28.1,23.3
sunglasses,obl45,near_edge,7.5,long axis across,53.6,30.0
sunglasses,obl45,near_edge,7.5,long axis along,51.1,31.4
sunglasses,nadir,all,10.0,any,42.1,24.7
sunglasses,obl45,far_edge,10.0,long axis across,12.7,2.2
sunglasses,obl45,far_edge,10.0,long axis along,3.8,7.4
sunglasses,obl45,centre,10.0,long axis across,29.8,12.4
sunglasses,obl45,centre,10.0,long axis along,21.1,17.5
sunglasses,obl45,near_edge,10.0,long axis across,40.2,22.5
sunglasses,obl45,near_edge,10.0,long axis along,38.3,23.6
sunglasses,nadir,all,15.0,any,28.1,16.5
sunglasses,obl45,far_edge,15.0,long axis across,8.5,1.5
sunglasses,obl45,far_edge,15.0,long axis along,2.5,5.0
sunglasses,obl45,centre,15.0,long axis across,19.9,8.2
sunglasses,obl45,centre,15.0,long axis along,14.0,11.6
sunglasses,obl45,near_edge,15.0,long axis across,26.8,15.0
sunglasses,obl45,near_edge,15.0,long axis along,25.5,15.7
person_sit_stand,nadir,all,3.0,any,920.2,823.4
person_sit_stand,obl45,far_edge,3.0,long axis across,276.9,74.6
person_sit_stand,obl45,far_edge,3.0,long axis along,83.3,247.8
person_sit_stand,obl45,centre,3.0,long axis across,650.7,411.7
person_sit_stand,obl45,centre,3.0,long axis along,460.1,582.2
person_sit_stand,obl45,near_edge,3.0,long axis across,877.6,748.8
person_sit_stand,obl45,near_edge,3.0,long axis along,836.9,785.2
person_sit_stand,nadir,all,5.0,any,552.1,494.0
person_sit_stand,obl45,far_edge,5.0,long axis across,166.1,44.7
person_sit_stand,obl45,far_edge,5.0,long axis along,50.0,148.7
person_sit_stand,obl45,centre,5.0,long axis across,390.4,247.0
person_sit_stand,obl45,centre,5.0,long axis along,276.1,349.3
person_sit_stand,obl45,near_edge,5.0,long axis across,526.6,449.3
person_sit_stand,obl45,near_edge,5.0,long axis along,502.1,471.1
person_sit_stand,nadir,all,7.5,any,368.1,329.3
person_sit_stand,obl45,far_edge,7.5,long axis across,110.8,29.8
person_sit_stand,obl45,far_edge,7.5,long axis along,33.3,99.1
person_sit_stand,obl45,centre,7.5,long axis across,260.3,164.7
person_sit_stand,obl45,centre,7.5,long axis along,184.0,232.9
person_sit_stand,obl45,near_edge,7.5,long axis across,351.0,299.5
person_sit_stand,obl45,near_edge,7.5,long axis along,334.8,314.1
person_sit_stand,nadir,all,10.0,any,276.1,247.0
person_sit_stand,obl45,far_edge,10.0,long axis across,83.1,22.4
person_sit_stand,obl45,far_edge,10.0,long axis along,25.0,74.3
person_sit_stand,obl45,centre,10.0,long axis across,195.2,123.5
person_sit_stand,obl45,centre,10.0,long axis along,138.0,174.7
person_sit_stand,obl45,near_edge,10.0,long axis across,263.3,224.6
person_sit_stand,obl45,near_edge,10.0,long axis along,251.1,235.6
person_sit_stand,nadir,all,15.0,any,184.0,164.7
person_sit_stand,obl45,far_edge,15.0,long axis across,55.4,14.9
person_sit_stand,obl45,far_edge,15.0,long axis along,16.7,49.6
person_sit_stand,obl45,centre,15.0,long axis across,130.1,82.3
person_sit_stand,obl45,centre,15.0,long axis along,92.0,116.4
person_sit_stand,obl45,near_edge,15.0,long axis across,175.5,149.8
person_sit_stand,obl45,near_edge,15.0,long axis along,167.4,157.0
person_lying,nadir,all,3.0,any,1598.3,920.2
person_lying,obl45,far_edge,3.0,long axis across,480.9,83.3
person_lying,obl45,far_edge,3.0,long axis along,144.7,276.9
person_lying,obl45,centre,3.0,long axis across,1130.2,460.1
person_lying,obl45,centre,3.0,long axis along,799.1,650.7
person_lying,obl45,near_edge,3.0,long axis across,1524.2,836.9
person_lying,obl45,near_edge,3.0,long axis along,1453.6,877.6
person_lying,nadir,all,5.0,any,959.0,552.1
person_lying,obl45,far_edge,5.0,long axis across,288.6,50.0
person_lying,obl45,far_edge,5.0,long axis along,86.8,166.1
person_lying,obl45,centre,5.0,long axis across,678.1,276.1
person_lying,obl45,centre,5.0,long axis along,479.5,390.4
person_lying,obl45,near_edge,5.0,long axis across,914.5,502.1
person_lying,obl45,near_edge,5.0,long axis along,872.2,526.6
person_lying,nadir,all,7.5,any,639.3,368.1
person_lying,obl45,far_edge,7.5,long axis across,192.4,33.3
person_lying,obl45,far_edge,7.5,long axis along,57.9,110.8
person_lying,obl45,centre,7.5,long axis across,452.1,184.0
person_lying,obl45,centre,7.5,long axis along,319.7,260.3
person_lying,obl45,near_edge,7.5,long axis across,609.7,334.8
person_lying,obl45,near_edge,7.5,long axis along,581.4,351.0
person_lying,nadir,all,10.0,any,479.5,276.1
person_lying,obl45,far_edge,10.0,long axis across,144.3,25.0
person_lying,obl45,far_edge,10.0,long axis along,43.4,83.1
person_lying,obl45,centre,10.0,long axis across,339.1,138.0
person_lying,obl45,centre,10.0,long axis along,239.7,195.2
person_lying,obl45,near_edge,10.0,long axis across,457.3,251.1
person_lying,obl45,near_edge,10.0,long axis along,436.1,263.3
person_lying,nadir,all,15.0,any,319.7,184.0
person_lying,obl45,far_edge,15.0,long axis across,96.2,16.7
person_lying,obl45,far_edge,15.0,long axis along,28.9,55.4
person_lying,obl45,centre,15.0,long axis across,226.0,92.0
person_lying,obl45,centre,15.0,long axis along,159.8,130.1
person_lying,obl45,near_edge,15.0,long axis across,304.8,167.4
person_lying,obl45,near_edge,15.0,long axis along,290.7,175.5
