original,current
DJI_20261008170532_0013_D.JPG,thesis/wave0_pilot/2026-10-08/nadir/nadir_h03m_01.JPG
DJI_20261008170559_0014_D.JPG,thesis/wave0_pilot/2026-10-08/nadir/nadir_h03m_02.JPG
DJI_20261008170625_0015_D.JPG,thesis/wave0_pilot/2026-10-08/nadir/nadir_h03m_03.JPG
DJI_20261008170630_0016_D.JPG,thesis/wave0_pilot/2026-10-08/nadir/nadir_h03m_04.JPG
DJI_20261008170644_0017_D.JPG,thesis/wave0_pilot/2026-10-08/nadir/nadir_h03m_05.JPG
DJI_20261008170652_0018_D.JPG,thesis/wave0_pilot/2026-10-08/nadir/nadir_h03m_06.JPG
DJI_20261008170657_0019_D.JPG,thesis/wave0_pilot/2026-10-08/nadir/nadir_h03m_07.JPG
DJI_20261008170709_0020_D.JPG,thesis/wave0_pilot/2026-10-08/nadir/nadir_h03m_08.JPG
DJI_20261008170716_0021_D.JPG,thesis/wave0_pilot/2026-10-08/nadir/nadir_h03m_09.JPG
DJI_20261008170725_0022_D.JPG,thesis/wave0_pilot/2026-10-08/nadir/nadir_h03m_10.JPG
DJI_20261008170738_0023_D.JPG,thesis/wave0_pilot/2026-10-08/nadir/nadir_h03m_11.JPG
DJI_20261008170757_0024_D.JPG,thesis/wave0_pilot/2026-10-08/nadir/nadir_h03m_12.JPG
DJI_20261008170804_0025_D.JPG,thesis/wave0_pilot/2026-10-08/nadir/nadir_h03m_13.JPG
DJI_20261008170816_0026_D.JPG,thesis/wave0_pilot/2026-10-08/nadir/nadir_h05m_01.JPG
DJI_20261008170824_0027_D.JPG,thesis/wave0_pilot/2026-10-08/nadir/nadir_h05m_02.JPG
DJI_20261008170834_0028_D.JPG,thesis/wave0_pilot/2026-10-08/nadir/nadir_h05m_03.JPG
DJI_20261008170839_0029_D.JPG,thesis/wave0_pilot/2026-10-08/nadir/nadir_h05m_04.JPG
DJI_20261008170844_0030_D.JPG,thesis/wave0_pilot/2026-10-08/nadir/nadir_h05m_05.JPG
DJI_20261008170848_0031_D.JPG,thesis/wave0_pilot/2026-10-08/nadir/nadir_h05m_06.JPG
DJI_20261008170902_0032_D.JPG,thesis/wave0_pilot/2026-10-08/nadir/nadir_h10m_01.JPG
DJI_20261008170912_0033_D.JPG,thesis/wave0_pilot/2026-10-08/nadir/nadir_h10m_02.JPG
DJI_20261008170916_0034_D.JPG,thesis/wave0_pilot/2026-10-08/nadir/nadir_h10m_03.JPG
DJI_20261008170927_0035_D.JPG,thesis/wave0_pilot/2026-10-08/nadir/nadir_h10m_04.JPG
DJI_20261008170940_0036_D.JPG,thesis/wave0_pilot/2026-10-08/nadir/nadir_h05m_07.JPG
DJI_20261008170946_0037_D.JPG,thesis/wave0_pilot/2026-10-08/nadir/nadir_h05m_08.JPG
DJI_20261008170951_0038_D.JPG,thesis/wave0_pilot/2026-10-08/nadir/nadir_h05m_09.JPG
DJI_20261008170953_0039_D.JPG,thesis/wave0_pilot/2026-10-08/nadir/nadir_h05m_10.JPG
DJI_20261008171034_0040_D.JPG,thesis/wave0_pilot/2026-10-08/obl45/obl45_h06m_01.JPG
DJI_20261008171039_0041_D.JPG,thesis/wave0_pilot/2026-10-08/obl45/obl45_h05m_01.JPG
DJI_20261008171046_0042_D.JPG,thesis/wave0_pilot/2026-10-08/obl45/obl45_h05m_02.JPG
DJI_20261008171104_0043_D.JPG,thesis/wave0_pilot/2026-10-08/obl45/obl45_h05m_03.JPG
DJI_20261008171115_0044_D.JPG,thesis/wave0_pilot/2026-10-08/obl45/obl45_h05m_04.JPG
DJI_20261008171128_0045_D.JPG,thesis/wave0_pilot/2026-10-08/obl45/obl45_h11m_01.JPG
DJI_20261008171131_0046_D.JPG,thesis/wave0_pilot/2026-10-08/obl45/obl45_h11m_02.JPG
DJI_20261008171137_0047_D.JPG,thesis/wave0_pilot/2026-10-08/obl45/obl45_h10m_01.JPG
DJI_20261008171140_0048_D.JPG,thesis/wave0_pilot/2026-10-08/obl45/obl45_h10m_02.JPG
DJI_20261008171150_0049_D.JPG,thesis/wave0_pilot/2026-10-08/obl45/obl45_h10m_03.JPG
DJI_20261008171154_0050_D.JPG,thesis/wave0_pilot/2026-10-08/obl45/obl45_h10m_04.JPG
DJI_20261008171159_0051_D.JPG,thesis/wave0_pilot/2026-10-08/obl45/obl45_h10m_05.JPG
DJI_20261008171218_0052_D.JPG,thesis/wave0_pilot/2026-10-08/obl45/obl45_h10m_06.JPG
DJI_20261008171229_0053_D.JPG,thesis/wave0_pilot/2026-10-08/obl45/obl45_h08m_01.JPG
DJI_20261008171234_0054_D.JPG,thesis/wave0_pilot/2026-10-08/obl45/obl45_h08m_02.JPG
DJI_20261008171238_0055_D.JPG,thesis/wave0_pilot/2026-10-08/obl45/obl45_h05m_05.JPG
DJI_20261008171241_0056_D.JPG,thesis/wave0_pilot/2026-10-08/obl45/obl45_h05m_06.JPG
DJI_20261008171246_0057_D.JPG,thesis/wave0_pilot/2026-10-08/obl45/obl45_h05m_07.JPG
DJI_20261008171248_0058_D.JPG,thesis/wave0_pilot/2026-10-08/obl45/obl45_h05m_08.JPG
DJI_20261008171249_0059_D.JPG,thesis/wave0_pilot/2026-10-08/obl45/obl45_h05m_09.JPG
DJI_20261008171250_0060_D.JPG,thesis/wave0_pilot/2026-10-08/obl45/obl45_h05m_10.JPG
DJI_20261008171253_0061_D.JPG,thesis/wave0_pilot/2026-10-08/obl45/obl45_h07m_01.JPG
DJI_20261008171254_0062_D.JPG,thesis/wave0_pilot/2026-10-08/obl45/obl45_h07m_02.JPG
DJI_20261008171259_0063_D.JPG,thesis/wave0_pilot/2026-10-08/obl45/obl45_h07m_03.JPG
DJI_20261008171324_0064_D.JPG,thesis/wave0_pilot/2026-10-08/obl45/obl45_h07m_04.JPG
DJI_20261008171326_0065_D.JPG,thesis/wave0_pilot/2026-10-08/obl45/obl45_h06m_02.JPG
DJI_20261008171327_0066_D.JPG,thesis/wave0_pilot/2026-10-08/obl45/obl45_h06m_03.JPG
DJI_20261008171332_0067_D.JPG,thesis/wave0_pilot/2026-10-08/obl45/obl45_h07m_05.JPG
DJI_20261008171335_0068_D.JPG,thesis/wave0_pilot/2026-10-08/obl45/obl45_h07m_06.JPG
DJI_20261008171338_0069_D.JPG,thesis/wave0_pilot/2026-10-08/obl45/obl45_h07m_07.JPG
DJI_20261008171343_0070_D.JPG,thesis/wave0_pilot/2026-10-08/obl45/obl45_h06m_04.JPG
DJI_20261008171351_0071_D.JPG,thesis/wave0_pilot/2026-10-08/obl45/obl45_h03m_01.JPG
DJI_20261008171353_0072_D.JPG,thesis/wave0_pilot/2026-10-08/obl45/obl45_h03m_02.JPG
DJI_20261008171358_0073_D.JPG,thesis/wave0_pilot/2026-10-08/obl45/obl45_h03m_03.JPG
DJI_20261008171404_0074_D.JPG,thesis/wave0_pilot/2026-10-08/obl45/obl45_h03m_04.JPG
DJI_20261008171412_0075_D.JPG,thesis/wave0_pilot/2026-10-08/obl45/obl45_h03m_05.JPG
DJI_20261008171417_0076_D.JPG,thesis/wave0_pilot/2026-10-08/obl45/obl45_h03m_06.JPG
DJI_20261008171423_0077_D.JPG,thesis/wave0_pilot/2026-10-08/obl45/obl45_h03m_07.JPG
DJI_20261008171427_0078_D.JPG,thesis/wave0_pilot/2026-10-08/obl45/obl45_h03m_08.JPG
DJI_20261008171454_0079_D.JPG,thesis/wave0_pilot/2026-10-08/obl45/obl45_h15m_01.JPG
DJI_20261008171457_0080_D.JPG,thesis/wave0_pilot/2026-10-08/obl45/obl45_h15m_02.JPG
DJI_20261008171502_0081_D.JPG,thesis/wave0_pilot/2026-10-08/obl45/obl45_h15m_03.JPG
DJI_20261008171512_0082_D.JPG,thesis/wave0_pilot/2026-10-08/nadir/nadir_h15m_01.JPG
DJI_20261008171518_0083_D.JPG,thesis/wave0_pilot/2026-10-08/nadir/nadir_h15m_02.JPG
DJI_20261008171523_0084_D.JPG,thesis/wave0_pilot/2026-10-08/nadir/nadir_h05m_11.JPG
DJI_20261008171524_0085_D.JPG,thesis/wave0_pilot/2026-10-08/nadir/nadir_h05m_12.JPG
DJI_20261008171535_0086_D.JPG,thesis/wave0_pilot/2026-10-08/nadir/nadir_h05m_13.JPG
DJI_20261008171536_0087_D.JPG,thesis/wave0_pilot/2026-10-08/nadir/nadir_h05m_14.JPG
DJI_20261008171538_0088_D.JPG,thesis/wave0_pilot/2026-10-08/nadir/nadir_h05m_15.JPG
DJI_20261008171541_0089_D.JPG,thesis/wave0_pilot/2026-10-08/nadir/nadir_h05m_16.JPG
DJI_20261008171544_0090_D.JPG,thesis/wave0_pilot/2026-10-08/nadir/nadir_h05m_17.JPG
DJI_20261008171600_0091_D.JPG,thesis/wave0_pilot/2026-10-08/nadir/nadir_h04m_01.JPG
DJI_20261008171610_0092_D.JPG,thesis/wave0_pilot/2026-10-08/obl45/obl45_h04m_01.JPG
DJI_20261008171615_0093_D.JPG,thesis/wave0_pilot/2026-10-08/obl45/obl45_h04m_02.JPG
DJI_20261008171621_0094_D.JPG,thesis/wave0_pilot/2026-10-08/obl45/obl45_h04m_03.JPG
DJI_20261008171750_0095_D.MP4,thesis/wave0_pilot/2026-10-08/video/orbit_around_person.MP4 (copy; original left in place)
DJI_20261008171750_0095_D.SRT,thesis/wave0_pilot/2026-10-08/video/orbit_around_person.SRT (copy; original left in place)
