file,original,time_local,width,height,lat,lon,rel_alt_m,abs_alt_m,pitch_deg,gimbal_yaw_deg,gimbal_roll_deg,flight_yaw_deg,speed_x_mps,speed_y_mps,speed_z_mps,iso,shutter_s,fnum,ev,focal_mm,focal_35mm,ct_k,sensor_temp_c,make,model,angle,height_bin_m
nadir_h03m_01.JPG,DJI_20261008170532_0013_D.JPG,2026:10:08 17:05:32,4032,3024,-31.996690749,115.811709736,2.9,34.732,90.0,13.3,0.0,29.4,0.0,0.0,0.0,100,0.002,1.7,0.3,6.72,24,4615.0,42.0,DJI,FC9589,nadir,3
nadir_h03m_02.JPG,DJI_20261008170559_0014_D.JPG,2026:10:08 17:05:59,4032,3024,-31.996690553,115.811709982,3.0,34.832,90.0,13.3,0.0,29.3,0.0,0.0,0.0,100,0.0025,1.7,0.3,6.72,24,4312.0,42.0,DJI,FC9589,nadir,3
nadir_h03m_03.JPG,DJI_20261008170625_0015_D.JPG,2026:10:08 17:06:25,4032,3024,-31.996735866,115.811674087,3.0,34.832,90.0,-68.8,0.0,-52.3,0.0,0.0,0.0,100,0.002,1.7,0.3,6.72,24,4811.0,42.0,DJI,FC9589,nadir,3
nadir_h03m_04.JPG,DJI_20261008170630_0016_D.JPG,2026:10:08 17:06:30,4032,3024,-31.996735659,115.811674973,3.0,34.832,90.0,-68.8,0.0,-52.5,0.0,-0.1,0.0,100,0.002,1.7,0.3,6.72,24,4955.0,42.0,DJI,FC9589,nadir,3
nadir_h03m_05.JPG,DJI_20261008170644_0017_D.JPG,2026:10:08 17:06:44,4032,3024,-31.996718045,115.811648346,2.8,34.632,90.0,-68.8,0.0,-52.4,0.0,0.0,0.0,140,0.0013793103448275,1.7,0.3,6.72,24,5016.0,42.0,DJI,FC9589,nadir,3
nadir_h03m_06.JPG,DJI_20261008170652_0018_D.JPG,2026:10:08 17:06:52,4032,3024,-31.996718687,115.811649497,2.9,34.732,90.0,-68.8,0.0,-52.4,0.0,0.0,0.0,140,0.0013793103448275,1.7,0.3,6.72,24,4962.0,42.0,DJI,FC9589,nadir,3
nadir_h03m_07.JPG,DJI_20261008170657_0019_D.JPG,2026:10:08 17:06:57,4032,3024,-31.996718803,115.811649154,2.9,34.732,90.0,-68.8,0.0,-52.8,-0.1,0.0,0.0,140,0.0013793103448275,1.7,0.3,6.72,24,4917.0,42.0,DJI,FC9589,nadir,3
nadir_h03m_08.JPG,DJI_20261008170709_0020_D.JPG,2026:10:08 17:07:09,4032,3024,-31.996700689,115.811664977,3.1,34.932,90.0,-67.9,0.0,-51.5,0.0,0.0,0.0,160,0.00125,1.7,0.3,6.72,24,5204.0,42.0,DJI,FC9589,nadir,3
nadir_h03m_09.JPG,DJI_20261008170716_0021_D.JPG,2026:10:08 17:07:16,4032,3024,-31.996670163,115.81166118,3.0,34.832,90.0,-67.8,0.0,-51.5,0.0,0.0,0.0,100,0.002,1.7,0.3,6.72,24,4953.0,42.0,DJI,FC9589,nadir,3
nadir_h03m_10.JPG,DJI_20261008170725_0022_D.JPG,2026:10:08 17:07:25,4032,3024,-31.996665888,115.811703512,3.1,34.932,90.0,-67.8,0.0,-51.6,0.0,0.0,0.0,100,0.0015625,1.7,0.3,6.72,24,4776.0,42.0,DJI,FC9589,nadir,3
nadir_h03m_11.JPG,DJI_20261008170738_0023_D.JPG,2026:10:08 17:07:38,4032,3024,-31.996688449,115.81171236,3.0,34.832,90.0,-117.9,0.0,-102.3,-0.1,0.1,0.0,100,0.002,1.7,0.3,6.72,24,4640.0,42.0,DJI,FC9589,nadir,3
nadir_h03m_12.JPG,DJI_20261008170757_0024_D.JPG,2026:10:08 17:07:57,4032,3024,-31.996746983,115.811717765,2.9,34.732,90.0,157.5,0.0,173.4,-0.1,-0.1,0.0,100,0.002,1.7,0.3,6.72,24,5133.0,41.0,DJI,FC9589,nadir,3
nadir_h03m_13.JPG,DJI_20261008170804_0025_D.JPG,2026:10:08 17:08:04,4032,3024,-31.996743847,115.811716641,2.9,34.732,90.0,157.5,0.0,173.0,0.0,0.1,-0.1,100,0.002,1.7,0.3,6.72,24,5180.0,41.0,DJI,FC9589,nadir,3
nadir_h04m_01.JPG,DJI_20261008171600_0091_D.JPG,2026:10:08 17:16:00,4032,3024,-31.996650747,115.811756322,4.4,36.232,90.0,-143.3,0.0,-129.0,0.0,0.1,0.1,100,0.003125,1.7,0.3,6.72,24,4763.0,39.0,DJI,FC9589,nadir,4
nadir_h05m_01.JPG,DJI_20261008170816_0026_D.JPG,2026:10:08 17:08:16,4032,3024,-31.996745016,115.811717175,5.0,36.832,90.0,157.5,0.0,172.8,0.0,-0.1,0.0,100,0.0015625,1.7,0.3,6.72,24,4936.0,41.0,DJI,FC9589,nadir,5
nadir_h05m_02.JPG,DJI_20261008170824_0027_D.JPG,2026:10:08 17:08:24,4032,3024,-31.996692307,115.811708286,4.9,36.732,90.0,157.5,0.0,172.8,0.0,0.0,0.0,100,0.002,1.7,0.3,6.72,24,4740.0,41.0,DJI,FC9589,nadir,5
nadir_h05m_03.JPG,DJI_20261008170834_0028_D.JPG,2026:10:08 17:08:34,4032,3024,-31.996687838,115.811680141,4.9,36.732,90.0,157.5,0.0,172.9,0.0,0.0,0.0,200,0.0008,1.7,0.3,6.72,24,4780.0,41.0,DJI,FC9589,nadir,5
nadir_h05m_04.JPG,DJI_20261008170839_0029_D.JPG,2026:10:08 17:08:39,4032,3024,-31.996680137,115.81167998,4.9,36.732,90.0,157.5,0.0,172.6,0.1,0.0,0.0,200,0.001,1.7,0.3,6.72,24,4883.0,41.0,DJI,FC9589,nadir,5
nadir_h05m_05.JPG,DJI_20261008170844_0030_D.JPG,2026:10:08 17:08:44,4032,3024,-31.996680367,115.811679369,4.9,36.732,90.0,157.5,0.0,172.8,0.0,0.0,0.0,200,0.001,1.7,0.3,6.72,24,4879.0,41.0,DJI,FC9589,nadir,5
nadir_h05m_06.JPG,DJI_20261008170848_0031_D.JPG,2026:10:08 17:08:48,4032,3024,-31.996679944,115.811678649,4.9,36.732,90.0,157.5,0.0,173.0,0.0,0.0,0.0,200,0.001,1.7,0.3,6.72,24,4865.0,41.0,DJI,FC9589,nadir,5
nadir_h05m_07.JPG,DJI_20261008170940_0036_D.JPG,2026:10:08 17:09:40,4032,3024,-31.996734062,115.811674729,5.0,36.832,90.0,157.3,0.0,172.4,-0.3,0.1,0.0,100,0.0025,1.7,0.3,6.72,24,4939.0,41.0,DJI,FC9589,nadir,5
nadir_h05m_08.JPG,DJI_20261008170946_0037_D.JPG,2026:10:08 17:09:46,4032,3024,-31.996728056,115.811716299,5.4,37.232,90.0,157.3,0.0,172.6,0.3,0.0,0.0,100,0.0025,1.7,0.3,6.72,24,4871.0,41.0,DJI,FC9589,nadir,5
nadir_h05m_09.JPG,DJI_20261008170951_0038_D.JPG,2026:10:08 17:09:51,4032,3024,-31.996689192,115.811709244,5.4,37.232,90.0,157.3,0.0,172.6,0.3,0.0,0.0,100,0.003125,1.7,0.3,6.72,24,4855.0,41.0,DJI,FC9589,nadir,5
nadir_h05m_10.JPG,DJI_20261008170953_0039_D.JPG,2026:10:08 17:09:53,4032,3024,-31.996690073,115.811709543,5.4,37.232,90.0,157.3,0.0,172.3,0.0,0.1,0.0,120,0.0025,1.7,0.3,6.72,24,4628.0,40.0,DJI,FC9589,nadir,5
nadir_h05m_11.JPG,DJI_20261008171523_0084_D.JPG,2026:10:08 17:15:23,4032,3024,-31.996696296,115.811719239,5.1,36.932,90.0,-12.0,0.0,1.9,0.0,-0.2,0.0,100,0.004,1.7,0.3,6.72,24,4725.0,39.0,DJI,FC9589,nadir,5
nadir_h05m_12.JPG,DJI_20261008171524_0085_D.JPG,2026:10:08 17:15:24,4032,3024,-31.996696752,115.811718069,5.1,36.932,90.0,-12.0,0.0,2.7,0.0,-0.1,0.0,100,0.0028571428571428,1.7,0.3,6.72,24,4527.0,39.0,DJI,FC9589,nadir,5
nadir_h05m_13.JPG,DJI_20261008171535_0086_D.JPG,2026:10:08 17:15:35,4032,3024,-31.996693295,115.81166329,5.3,37.132,90.0,-12.0,0.0,2.5,0.0,0.0,0.0,160,0.002,1.7,0.3,6.72,24,4700.0,39.0,DJI,FC9589,nadir,5
nadir_h05m_14.JPG,DJI_20261008171536_0087_D.JPG,2026:10:08 17:15:36,4032,3024,-31.996697431,115.811663284,5.3,37.132,90.0,-12.0,0.0,1.8,-0.1,0.0,0.0,160,0.002,1.7,0.3,6.72,24,4779.0,39.0,DJI,FC9589,nadir,5
nadir_h05m_15.JPG,DJI_20261008171538_0088_D.JPG,2026:10:08 17:15:38,4032,3024,-31.996724303,115.811661163,5.3,37.132,90.0,-12.0,0.0,3.2,-0.4,0.0,-0.1,100,0.003125,1.7,0.3,6.72,24,4747.0,39.0,DJI,FC9589,nadir,5
nadir_h05m_16.JPG,DJI_20261008171541_0089_D.JPG,2026:10:08 17:15:41,4032,3024,-31.996728247,115.811690319,5.3,37.132,90.0,-12.0,0.0,2.2,-1.2,4.5,-0.1,100,0.003125,1.7,0.3,6.72,24,4820.0,39.0,DJI,FC9589,nadir,5
nadir_h05m_17.JPG,DJI_20261008171544_0090_D.JPG,2026:10:08 17:15:44,4032,3024,-31.996736669,115.811695607,5.3,37.132,90.0,-12.0,0.0,1.9,0.2,0.3,0.0,100,0.003125,1.7,0.3,6.72,24,4988.0,39.0,DJI,FC9589,nadir,5
nadir_h10m_01.JPG,DJI_20261008170902_0032_D.JPG,2026:10:08 17:09:02,4032,3024,-31.996675925,115.811680072,10.0,41.832,90.0,157.5,0.0,172.9,0.0,0.0,0.0,130,0.0015625,1.7,0.3,6.72,24,4763.0,41.0,DJI,FC9589,nadir,10
nadir_h10m_02.JPG,DJI_20261008170912_0033_D.JPG,2026:10:08 17:09:12,4032,3024,-31.996676979,115.811680102,10.0,41.832,90.0,157.5,0.0,173.2,0.0,0.0,0.0,100,0.002,1.7,0.3,6.72,24,4762.0,41.0,DJI,FC9589,nadir,10
nadir_h10m_03.JPG,DJI_20261008170916_0034_D.JPG,2026:10:08 17:09:16,4032,3024,-31.99667629,115.811679227,10.0,41.832,90.0,157.5,0.0,172.7,0.0,0.0,0.0,130,0.0015625,1.7,0.3,6.72,24,4780.0,41.0,DJI,FC9589,nadir,10
nadir_h10m_04.JPG,DJI_20261008170927_0035_D.JPG,2026:10:08 17:09:27,4032,3024,-31.996675915,115.811680279,10.0,41.832,90.0,157.5,0.0,172.8,-0.1,0.1,0.0,140,0.0015625,1.7,0.3,6.72,24,4753.0,41.0,DJI,FC9589,nadir,10
nadir_h15m_01.JPG,DJI_20261008171512_0082_D.JPG,2026:10:08 17:15:12,4032,3024,-31.996695681,115.811717205,15.1,46.932,90.0,-12.0,0.0,1.8,0.1,0.0,0.1,100,0.0028571428571428,1.7,0.3,6.72,24,4731.0,39.0,DJI,FC9589,nadir,15
nadir_h15m_02.JPG,DJI_20261008171518_0083_D.JPG,2026:10:08 17:15:18,4032,3024,-31.996696135,115.811718958,15.1,46.932,90.0,-12.0,0.0,2.1,0.0,0.0,0.1,100,0.0028571428571428,1.7,0.3,6.72,24,4671.0,39.0,DJI,FC9589,nadir,15
obl45_h03m_01.JPG,DJI_20261008171351_0071_D.JPG,2026:10:08 17:13:51,4032,3024,-31.996740689,115.811736934,3.4,35.232,44.9,-68.2,0.0,-52.5,2.0,-2.5,0.0,100,0.0028571428571428,1.7,0.3,6.72,24,5080.0,39.0,DJI,FC9589,oblique45,3
obl45_h03m_02.JPG,DJI_20261008171353_0072_D.JPG,2026:10:08 17:13:53,4032,3024,-31.996720343,115.8117097,3.4,35.232,44.9,-68.2,0.0,-53.7,0.0,0.0,0.0,140,0.002,1.7,0.3,6.72,24,5040.0,39.0,DJI,FC9589,oblique45,3
obl45_h03m_03.JPG,DJI_20261008171358_0073_D.JPG,2026:10:08 17:13:58,4032,3024,-31.996709201,115.811694898,3.1,34.932,44.9,-68.3,0.0,-53.6,0.0,0.0,0.0,200,0.0013793103448275,1.7,0.3,6.72,24,5154.0,39.0,DJI,FC9589,oblique45,3
obl45_h03m_04.JPG,DJI_20261008171404_0074_D.JPG,2026:10:08 17:14:04,4032,3024,-31.996699437,115.811714291,3.1,34.932,44.9,-36.2,0.0,-21.6,0.0,0.0,0.0,100,0.002,1.7,0.3,6.72,24,4814.0,39.0,DJI,FC9589,oblique45,3
obl45_h03m_05.JPG,DJI_20261008171412_0075_D.JPG,2026:10:08 17:14:12,4032,3024,-31.996736243,115.811683964,3.4,35.232,44.9,-96.9,0.0,-81.9,0.0,0.0,0.0,100,0.002,1.7,0.3,6.72,24,4892.0,39.0,DJI,FC9589,oblique45,3
obl45_h03m_06.JPG,DJI_20261008171417_0076_D.JPG,2026:10:08 17:14:17,4032,3024,-31.996727624,115.811686068,3.4,35.232,44.9,-38.8,0.0,-24.0,0.0,0.0,0.0,160,0.0015625,1.7,0.3,6.72,24,5111.0,39.0,DJI,FC9589,oblique45,3
obl45_h03m_07.JPG,DJI_20261008171423_0077_D.JPG,2026:10:08 17:14:23,4032,3024,-31.996728011,115.811686937,3.4,35.232,44.9,37.1,0.0,51.4,0.0,0.0,0.0,100,0.002,1.7,0.3,6.72,24,4937.0,39.0,DJI,FC9589,oblique45,3
obl45_h03m_08.JPG,DJI_20261008171427_0078_D.JPG,2026:10:08 17:14:27,4032,3024,-31.996728179,115.811686695,3.3,35.132,44.9,37.1,0.0,51.3,0.0,0.0,0.1,100,0.0025,1.7,0.3,6.72,24,4878.0,40.0,DJI,FC9589,oblique45,3
obl45_h04m_01.JPG,DJI_20261008171610_0092_D.JPG,2026:10:08 17:16:10,4032,3024,-31.996651221,115.811755637,4.4,36.232,45.6,-143.3,0.0,-129.5,0.0,0.0,0.0,100,0.002,1.7,0.3,6.72,24,4676.0,39.0,DJI,FC9589,oblique45,4
obl45_h04m_02.JPG,DJI_20261008171615_0093_D.JPG,2026:10:08 17:16:15,4032,3024,-31.996659242,115.811733627,4.4,36.232,45.6,-143.3,0.0,-129.5,-0.1,0.1,0.0,100,0.002,1.7,0.3,6.72,24,4795.0,39.0,DJI,FC9589,oblique45,4
obl45_h04m_03.JPG,DJI_20261008171621_0094_D.JPG,2026:10:08 17:16:21,4032,3024,-31.996665532,115.81172113,4.4,36.232,45.6,-143.3,0.0,-130.4,-0.3,-0.9,0.0,100,0.0028571428571428,1.7,0.3,6.72,24,4821.0,39.0,DJI,FC9589,oblique45,4
obl45_h05m_01.JPG,DJI_20261008171039_0041_D.JPG,2026:10:08 17:10:39,4032,3024,-31.996642963,115.811686742,5.4,37.232,45.7,157.3,0.0,172.6,0.0,0.0,0.0,100,0.002,1.7,0.3,6.72,24,4904.0,41.0,DJI,FC9589,oblique45,5
obl45_h05m_02.JPG,DJI_20261008171046_0042_D.JPG,2026:10:08 17:10:46,4032,3024,-31.996643148,115.811686877,5.4,37.232,45.7,157.3,0.0,172.3,0.0,0.0,0.0,100,0.002,1.7,0.3,6.72,24,4908.0,40.0,DJI,FC9589,oblique45,5
obl45_h05m_03.JPG,DJI_20261008171104_0043_D.JPG,2026:10:08 17:11:04,4032,3024,-31.996758906,115.811691758,5.1,36.932,45.7,-11.3,0.0,3.0,0.1,0.0,0.0,100,0.0015625,1.7,0.3,6.72,24,4969.0,41.0,DJI,FC9589,oblique45,5
obl45_h05m_04.JPG,DJI_20261008171115_0044_D.JPG,2026:10:08 17:11:15,4032,3024,-31.99675839,115.81169109,5.1,36.932,45.7,-11.3,0.0,2.9,0.1,0.1,-0.1,100,0.004,1.7,0.3,6.72,24,4977.0,41.0,DJI,FC9589,oblique45,5
obl45_h05m_05.JPG,DJI_20261008171238_0055_D.JPG,2026:10:08 17:12:38,4032,3024,-31.996743748,115.81169215,5.2,37.032,44.9,0.1,0.0,15.7,5.7,1.8,0.0,100,0.0028571428571428,1.7,0.3,6.72,24,4979.0,40.0,DJI,FC9589,oblique45,5
obl45_h05m_06.JPG,DJI_20261008171241_0056_D.JPG,2026:10:08 17:12:41,4032,3024,-31.996642457,115.811742494,5.4,37.232,44.9,-45.9,0.0,-28.3,-3.9,1.5,0.4,100,0.0025,1.7,0.3,6.72,24,4940.0,40.0,DJI,FC9589,oblique45,5
obl45_h05m_07.JPG,DJI_20261008171246_0057_D.JPG,2026:10:08 17:12:46,4032,3024,-31.996690334,115.811791456,5.1,36.932,44.9,-127.7,0.0,-111.0,-0.5,0.0,0.0,100,0.003125,1.7,0.3,6.72,24,4762.0,40.0,DJI,FC9589,oblique45,5
obl45_h05m_08.JPG,DJI_20261008171248_0058_D.JPG,2026:10:08 17:12:48,4032,3024,-31.996691187,115.811785969,4.9,36.732,44.9,-127.7,0.0,-113.2,-0.2,-0.5,0.1,100,0.004,1.7,0.3,6.72,24,4777.0,40.0,DJI,FC9589,oblique45,5
obl45_h05m_09.JPG,DJI_20261008171249_0059_D.JPG,2026:10:08 17:12:49,4032,3024,-31.996691442,115.811785588,4.8,36.632,44.9,-127.7,0.0,-112.4,0.0,0.0,0.6,130,0.004,1.7,0.3,6.72,24,4682.0,40.0,DJI,FC9589,oblique45,5
obl45_h05m_10.JPG,DJI_20261008171250_0060_D.JPG,2026:10:08 17:12:50,4032,3024,-31.996693897,115.811775176,4.5,36.332,44.9,-127.7,0.0,-112.4,0.1,0.0,0.4,150,0.003125,1.7,0.3,6.72,24,4677.0,40.0,DJI,FC9589,oblique45,5
obl45_h06m_01.JPG,DJI_20261008171034_0040_D.JPG,2026:10:08 17:10:34,4032,3024,-31.996643263,115.811685279,5.5,37.332,45.7,157.3,0.0,172.3,0.1,0.1,0.0,100,0.002,1.7,0.3,6.72,24,4915.0,41.0,DJI,FC9589,oblique45,6
obl45_h06m_02.JPG,DJI_20261008171326_0065_D.JPG,2026:10:08 17:13:26,4032,3024,-31.99672528,115.811753642,6.2,38.032,44.9,131.3,0.0,146.5,0.1,0.0,0.5,100,0.0028571428571428,1.7,0.3,6.72,24,4790.0,39.0,DJI,FC9589,oblique45,6
obl45_h06m_03.JPG,DJI_20261008171327_0066_D.JPG,2026:10:08 17:13:27,4032,3024,-31.99672426,115.811754431,5.6,37.432,44.9,131.3,0.0,146.2,0.0,0.0,0.0,100,0.0028571428571428,1.7,0.3,6.72,24,4780.0,39.0,DJI,FC9589,oblique45,6
obl45_h06m_04.JPG,DJI_20261008171343_0070_D.JPG,2026:10:08 17:13:43,4032,3024,-31.996735328,115.811793215,5.8,37.632,44.9,-129.2,0.0,-115.6,-0.4,-1.1,0.0,100,0.0025,1.7,0.3,6.72,24,4947.0,39.0,DJI,FC9589,oblique45,6
obl45_h07m_01.JPG,DJI_20261008171253_0061_D.JPG,2026:10:08 17:12:53,4032,3024,-31.996691837,115.811774832,7.3,39.132,44.9,-130.9,0.0,-115.6,0.1,-0.1,0.0,100,0.003125,1.7,0.3,6.72,24,4781.0,40.0,DJI,FC9589,oblique45,7
obl45_h07m_02.JPG,DJI_20261008171254_0062_D.JPG,2026:10:08 17:12:54,4032,3024,-31.996692245,115.811774625,7.3,39.132,44.9,-122.8,0.0,-107.5,0.0,0.0,0.0,100,0.002,1.7,0.3,6.72,24,4886.0,40.0,DJI,FC9589,oblique45,7
obl45_h07m_03.JPG,DJI_20261008171259_0063_D.JPG,2026:10:08 17:12:59,4032,3024,-31.99669227,115.811775403,7.2,39.032,44.9,-111.4,0.0,-96.8,0.1,0.0,0.0,100,0.0025,1.7,0.3,6.72,24,4817.0,40.0,DJI,FC9589,oblique45,7
obl45_h07m_04.JPG,DJI_20261008171324_0064_D.JPG,2026:10:08 17:13:24,4032,3024,-31.996727059,115.811754258,6.7,38.532,44.9,131.3,0.0,146.0,0.2,0.0,1.2,100,0.0028571428571428,1.7,0.3,6.72,24,4885.0,40.0,DJI,FC9589,oblique45,7
obl45_h07m_05.JPG,DJI_20261008171332_0067_D.JPG,2026:10:08 17:13:32,4032,3024,-31.99672515,115.811754526,6.9,38.732,44.9,131.3,0.0,146.2,0.0,0.0,0.0,100,0.0028571428571428,1.7,0.3,6.72,24,4692.0,39.0,DJI,FC9589,oblique45,7
obl45_h07m_06.JPG,DJI_20261008171335_0068_D.JPG,2026:10:08 17:13:35,4032,3024,-31.996723872,115.811755241,6.9,38.732,44.9,-103.4,0.0,-88.8,0.0,0.0,0.0,100,0.002,1.7,0.3,6.72,24,4971.0,39.0,DJI,FC9589,oblique45,7
obl45_h07m_07.JPG,DJI_20261008171338_0069_D.JPG,2026:10:08 17:13:38,4032,3024,-31.99672445,115.811755463,6.5,38.332,44.9,-80.4,0.0,-65.4,0.0,0.0,0.0,100,0.002,1.7,0.3,6.72,24,4978.0,39.0,DJI,FC9589,oblique45,7
obl45_h08m_01.JPG,DJI_20261008171229_0053_D.JPG,2026:10:08 17:12:29,4032,3024,-31.99676863,115.811681011,8.0,39.832,44.9,0.1,0.0,15.4,0.0,0.0,0.0,100,0.002,1.7,0.3,6.72,24,4921.0,39.0,DJI,FC9589,oblique45,8
obl45_h08m_02.JPG,DJI_20261008171234_0054_D.JPG,2026:10:08 17:12:34,4032,3024,-31.996768488,115.81168112,8.0,39.832,44.9,0.1,0.0,14.9,0.0,0.1,0.1,100,0.0025,1.7,0.3,6.72,24,4909.0,40.0,DJI,FC9589,oblique45,8
obl45_h10m_01.JPG,DJI_20261008171137_0047_D.JPG,2026:10:08 17:11:37,4032,3024,-31.996799463,115.811692224,10.2,42.032,45.7,-11.3,0.0,3.2,-0.1,-0.1,0.0,100,0.0025,1.7,0.3,6.72,24,4909.0,40.0,DJI,FC9589,oblique45,10
obl45_h10m_02.JPG,DJI_20261008171140_0048_D.JPG,2026:10:08 17:11:40,4032,3024,-31.996800097,115.811694909,10.2,42.032,45.7,-11.3,0.0,3.0,0.0,0.1,0.0,100,0.0025,1.7,0.3,6.72,24,4916.0,40.0,DJI,FC9589,oblique45,10
obl45_h10m_03.JPG,DJI_20261008171150_0049_D.JPG,2026:10:08 17:11:50,4032,3024,-31.996615729,115.811746297,10.1,41.932,45.7,-174.4,0.0,-159.4,-0.2,0.1,0.0,100,0.0028571428571428,1.7,0.3,6.72,24,4922.0,39.0,DJI,FC9589,oblique45,10
obl45_h10m_04.JPG,DJI_20261008171154_0050_D.JPG,2026:10:08 17:11:54,4032,3024,-31.996615651,115.811746332,10.1,41.932,45.7,-174.4,0.0,-159.8,0.1,0.0,0.0,100,0.002,1.7,0.3,6.72,24,4919.0,39.0,DJI,FC9589,oblique45,10
obl45_h10m_05.JPG,DJI_20261008171159_0051_D.JPG,2026:10:08 17:11:59,4032,3024,-31.99661445,115.811745696,10.1,41.932,45.7,-174.4,0.0,-159.6,0.0,0.0,0.0,100,0.002,1.7,0.3,6.72,24,4910.0,39.0,DJI,FC9589,oblique45,10
obl45_h10m_06.JPG,DJI_20261008171218_0052_D.JPG,2026:10:08 17:12:18,4032,3024,-31.9968028,115.811656644,10.1,41.932,44.9,17.3,0.0,32.0,0.0,0.1,0.1,100,0.0015625,1.7,0.3,6.72,24,4928.0,39.0,DJI,FC9589,oblique45,10
obl45_h11m_01.JPG,DJI_20261008171128_0045_D.JPG,2026:10:08 17:11:28,4032,3024,-31.996798981,115.811691185,11.0,42.832,45.7,-11.3,0.0,2.9,-0.1,0.0,0.0,100,0.0025,1.7,0.3,6.72,24,4880.0,40.0,DJI,FC9589,oblique45,11
obl45_h11m_02.JPG,DJI_20261008171131_0046_D.JPG,2026:10:08 17:11:31,4032,3024,-31.996799114,115.811690354,11.0,42.832,45.7,-11.3,0.0,3.1,0.0,0.0,0.0,100,0.002,1.7,0.3,6.72,24,4938.0,40.0,DJI,FC9589,oblique45,11
obl45_h15m_01.JPG,DJI_20261008171454_0079_D.JPG,2026:10:08 17:14:54,4032,3024,-31.996841779,115.811700552,15.1,46.932,44.9,-12.0,0.0,3.6,-0.4,0.2,0.0,100,0.003125,1.7,0.3,6.72,24,4874.0,40.0,DJI,FC9589,oblique45,15
obl45_h15m_02.JPG,DJI_20261008171457_0080_D.JPG,2026:10:08 17:14:57,4032,3024,-31.996843694,115.811702789,15.2,47.032,44.9,-12.0,0.0,2.8,0.1,0.0,-0.1,100,0.0025,1.7,0.3,6.72,24,4887.0,39.0,DJI,FC9589,oblique45,15
obl45_h15m_03.JPG,DJI_20261008171502_0081_D.JPG,2026:10:08 17:15:02,4032,3024,-31.996842886,115.811701554,15.2,47.032,44.9,-12.0,0.0,2.3,0.0,0.0,0.0,100,0.002,1.7,0.3,6.72,24,4882.0,39.0,DJI,FC9589,oblique45,15
